{
    "weights": [
        -0.026820178945397927,
        0.05186039160617168,
        -0.025979917843555068,
        0.1000033655392386,
        -0.06884245736141753,
        0.13736064581788648,
        -0.04873662496179704,
        -0.212927837198109,
        0.001408377998020511,
        0.018928796341104667,
        0.058115976971267407,
        -0.017475702589173973,
        -0.3675656736193127,
        -0.15582968216871526,
        0.47156742701694315
    ],
    "bias": 0.0006947394329833607,
    "mean": [
        8687.223260187753,
        0.06251938019276874,
        0.03369784183899853,
        0.03921368027775648,
        0.044432540509397274,
        6.6193901846452805,
        10251.80429968416,
        6.646603498542275,
        48.76188289601555,
        104.2294825072886,
        210.65349611273078,
        0.003027765724619558,
        10242.987925864221,
        10215.005688694524,
        10162.774788548753
    ],
    "scale": [
        9521.026839489843,
        0.08885900223457045,
        0.059109217818795065,
        0.062351619498694964,
        0.06335416150959484,
        706.9094870427762,
        15073.011325082813,
        707.1510682275147,
        1844.6343500604032,
        2760.7252681613622,
        3937.997053466469,
        0.04309093772281214,
        15072.651566135595,
        15042.696628829146,
        14985.340851423978
    ],
    "weights_close": [
        13.597773305252275,
        8.083879833799074,
        -1.5618408853364372,
        -1.5844842814684625,
        -2.5395405779354405,
        3682.6330481446607,
        13188.939518670017,
        -3423.8240002426082,
        79.66496904987707,
        55.32103004155061,
        129.09743549808013,
        7.596254681941986,
        803.3876438040411,
        -323.70237498078586,
        1396.1352651346374
    ],
    "bias_close": 10270.523131681244
}
